Date,Round,Match,Home,Away,CompetitionID,MatchID
2026-05-02,1.0,Slovan Liberec 1-2 Slavia Praha,Slovan Liberec,Slavia Praha,editpgeuef9yi9a8akjrl4bv8,2ia22i9rguc59iq5xjkprqdjo
2026-05-02,1.0,Zlín 2-1 Dukla Praha,Zlín,Dukla Praha,editpgeuef9yi9a8akjrl4bv8,eqtqkjtidtqsd7uw7tlxi6o7o
2026-05-02,1.0,Baník Ostrava 0-0 Mladá Boleslav,Baník Ostrava,Mladá Boleslav,editpgeuef9yi9a8akjrl4bv8,eqi6pm2x6xauntuh1iagtsbh0
2026-05-02,,Bohemians 1905 1-3 Sigma Olomouc,Bohemians 1905,Sigma Olomouc,editpgeuef9yi9a8akjrl4bv8,2ch4a1uqk547rwtnlm2870vf8
2026-05-02,,Karviná 1-2 Pardubice,Karviná,Pardubice,editpgeuef9yi9a8akjrl4bv8,2c4n6ic0com77of05fks4d3bo
2026-04-25,27.0,Karviná 0-3 Mladá Boleslav,Karviná,Mladá Boleslav,editpgeuef9yi9a8akjrl4bv8,25t1xs4zpoeyemsok0jdro9p0
2026-04-25,27.0,Teplice 0-1 Hradec Králové,Teplice,Hradec Králové,editpgeuef9yi9a8akjrl4bv8,25e7jq22bks2mg5pvobed1bmc
2026-04-25,27.0,Baník Ostrava 0-1 Viktoria Plzeň,Baník Ostrava,Viktoria Plzeň,editpgeuef9yi9a8akjrl4bv8,2513f8p3vdizlclcwuowaxous
2026-04-25,27.0,Pardubice 3-1 Zlín,Pardubice,Zlín,editpgeuef9yi9a8akjrl4bv8,24nkdrfku0m0a2w2cv4hf3fv8
2026-04-25,27.0,Bohemians 1905 2-0 Sparta Praha,Bohemians 1905,Sparta Praha,editpgeuef9yi9a8akjrl4bv8,24ab48oitazo9krl0z93tha1g
2026-04-25,27.0,Jablonec 1-2 Slovan Liberec,Jablonec,Slovan Liberec,editpgeuef9yi9a8akjrl4bv8,23x9829gmc3cdr106gq1wof10
2026-04-25,27.0,Slavia Praha 2-1 Sigma Olomouc,Slavia Praha,Sigma Olomouc,editpgeuef9yi9a8akjrl4bv8,23k8iucfy3wik10e51j8bd1xw
2026-04-25,27.0,Slovácko 1-2 Dukla Praha,Slovácko,Dukla Praha,editpgeuef9yi9a8akjrl4bv8,2376aau7233le4bb6fcnsql90
2026-04-19,30.0,Viktoria Plzeň 0-1 Pardubice,Viktoria Plzeň,Pardubice,editpgeuef9yi9a8akjrl4bv8,2eza63t1099u24qt4icy6nu38
2026-04-19,30.0,Hradec Králové 2-1 Slavia Praha,Hradec Králové,Slavia Praha,editpgeuef9yi9a8akjrl4bv8,2d25nzuebpd75uno6ge0nafx0
2026-04-19,30.0,Sigma Olomouc 2-1 Slovácko,Sigma Olomouc,Slovácko,editpgeuef9yi9a8akjrl4bv8,2e97ujg7xollpb9f52iy12fx0
2026-04-18,30.0,Sparta Praha 3-1 Jablonec,Sparta Praha,Jablonec,editpgeuef9yi9a8akjrl4bv8,2dwbnni91mljqc40iaga088pg
2026-04-18,30.0,Slovan Liberec 0-0 Mladá Boleslav,Slovan Liberec,Mladá Boleslav,editpgeuef9yi9a8akjrl4bv8,2fch0xtfij30p16zrn3iu7mz8
2026-04-18,30.0,Dukla Praha 1-2 Karviná,Dukla Praha,Karviná,editpgeuef9yi9a8akjrl4bv8,2emcz2itrvfpigm9x7nyr15p0
2026-04-18,30.0,Zlín 3-2 Teplice,Zlín,Teplice,editpgeuef9yi9a8akjrl4bv8,2dj7txeujztyrn3hq8uuv5vkk
2026-04-18,30.0,Baník Ostrava 0-2 Bohemians 1905,Baník Ostrava,Bohemians 1905,editpgeuef9yi9a8akjrl4bv8,2co3h7q03cwv521uvpsnxk2dw
2026-04-12,29.0,Slavia Praha 0-0 Viktoria Plzeň,Slavia Praha,Viktoria Plzeň,editpgeuef9yi9a8akjrl4bv8,29h65gjd5ojkql2swkyv61fdg
2026-04-12,29.0,Mladá Boleslav 1-1 Dukla Praha,Mladá Boleslav,Dukla Praha,editpgeuef9yi9a8akjrl4bv8,2c8mc7yvj0fe8w70ag7dzl2c4
2026-04-12,29.0,Pardubice 2-1 Sigma Olomouc,Pardubice,Sigma Olomouc,editpgeuef9yi9a8akjrl4bv8,2bqamvd7hcvgdqb8lu0xsstuc
2026-04-12,29.0,Teplice 0-1 Sparta Praha,Teplice,Sparta Praha,editpgeuef9yi9a8akjrl4bv8,2a8cj47ymjvctficnjgirx0yc
2026-04-12,29.0,Karviná 3-1 Slovan Liberec,Karviná,Slovan Liberec,editpgeuef9yi9a8akjrl4bv8,2b8xlzqplofg2kjfme3d3rwus
2026-04-11,29.0,Slovácko 1-3 Hradec Králové,Slovácko,Hradec Králové,editpgeuef9yi9a8akjrl4bv8,2aulrw6araugv9dc0gq1sjitw
2026-04-11,29.0,Bohemians 1905 2-1 Zlín,Bohemians 1905,Zlín,editpgeuef9yi9a8akjrl4bv8,29u7gfiqthtre5t1sythrlwd0
2026-04-11,29.0,Jablonec 4-1 Baník Ostrava,Jablonec,Baník Ostrava,editpgeuef9yi9a8akjrl4bv8,293qt4tuyj4v5oljsudew1x5g
2026-04-05,28.0,Sparta Praha 2-0 Karviná,Sparta Praha,Karviná,editpgeuef9yi9a8akjrl4bv8,279ar6eja071k8olx6x308u1g
2026-04-05,28.0,Baník Ostrava 0-2 Slavia Praha,Baník Ostrava,Slavia Praha,editpgeuef9yi9a8akjrl4bv8,28qfrr8i9wjqrdu455v46k0lw
2026-04-05,28.0,Hradec Králové 2-0 Bohemians 1905,Hradec Králové,Bohemians 1905,editpgeuef9yi9a8akjrl4bv8,28dgq7qgxy6zk1ky5rgqsnjf8
2026-04-04,28.0,Viktoria Plzeň 2-2 Teplice,Viktoria Plzeň,Teplice,editpgeuef9yi9a8akjrl4bv8,28086yf8qakf3var1dqqqtces
2026-04-04,28.0,Zlín 0-3 Jablonec,Zlín,Jablonec,editpgeuef9yi9a8akjrl4bv8,27n4wif3lffm7xpnj1ow58yl0
2026-04-04,28.0,Slovan Liberec 2-1 Slovácko,Slovan Liberec,Slovácko,editpgeuef9yi9a8akjrl4bv8,26w9xonaur85p35b0muc1l6ok
2026-04-04,28.0,Sigma Olomouc 2-4 Mladá Boleslav,Sigma Olomouc,Mladá Boleslav,editpgeuef9yi9a8akjrl4bv8,26j41xctcu3qzjvzluyc8ybdg
2026-04-04,28.0,Dukla Praha 0-2 Pardubice,Dukla Praha,Pardubice,editpgeuef9yi9a8akjrl4bv8,26638nx5h2niatf70vew6f9xw
2026-03-15,26.0,Sparta Praha 5-2 Slovácko,Sparta Praha,Slovácko,editpgeuef9yi9a8akjrl4bv8,223m980lj3rtz7cyes8p2wb2s
2026-03-15,26.0,Sigma Olomouc 2-2 Karviná,Sigma Olomouc,Karviná,editpgeuef9yi9a8akjrl4bv8,22gqbs14sx1jutcep6qcd9j4k
2026-03-15,26.0,Viktoria Plzeň 2-0 Bohemians 1905,Viktoria Plzeň,Bohemians 1905,editpgeuef9yi9a8akjrl4bv8,20lkg007x5aw9cp8ez98n9nh0
2026-03-15,26.0,Slovan Liberec 1-1 Teplice,Slovan Liberec,Teplice,editpgeuef9yi9a8akjrl4bv8,21dl154lc0fqhl0g91n1ktb84
2026-03-14,26.0,Zlín 1-3 Slavia Praha,Zlín,Slavia Praha,editpgeuef9yi9a8akjrl4bv8,210gqp490ujkylyg82lejtk44
2026-03-14,26.0,Mladá Boleslav 2-0 Pardubice,Mladá Boleslav,Pardubice,editpgeuef9yi9a8akjrl4bv8,22tzf82uyekcjjppw1y3oy904
2026-03-14,26.0,Dukla Praha 2-0 Jablonec,Dukla Praha,Jablonec,editpgeuef9yi9a8akjrl4bv8,21qkkyvfj946uhxm9unol1rf8
2026-03-14,26.0,Hradec Králové 1-0 Baník Ostrava,Hradec Králové,Baník Ostrava,editpgeuef9yi9a8akjrl4bv8,208p9xq5ezvpug44tx7rvfv2s
2026-03-08,25.0,Slavia Praha 3-1 Sparta Praha,Slavia Praha,Sparta Praha,editpgeuef9yi9a8akjrl4bv8,1yf2ypjkp604qcsotftbr1nv8
2026-03-08,25.0,Karviná 1-2 Pardubice,Karviná,Pardubice,editpgeuef9yi9a8akjrl4bv8,1zidv5oaarj5awlac36shfh90
2026-03-08,25.0,Hradec Králové 0-3 Viktoria Plzeň,Hradec Králové,Viktoria Plzeň,editpgeuef9yi9a8akjrl4bv8,1z5586skdeeuys41qwr9lflzo
2026-03-08,25.0,Baník Ostrava 6-2 Zlín,Baník Ostrava,Zlín,editpgeuef9yi9a8akjrl4bv8,1ys48tsuikg8vrqadkau4r9qs
2026-03-07,25.0,Jablonec 1-2 Sigma Olomouc,Jablonec,Sigma Olomouc,editpgeuef9yi9a8akjrl4bv8,1xolle5smk1j57wb91vury978
2026-03-07,25.0,Slovácko 2-2 Mladá Boleslav,Slovácko,Mladá Boleslav,editpgeuef9yi9a8akjrl4bv8,1zvm1kegmjt01nm61vxb0yzv8
2026-03-07,25.0,Bohemians 1905 0-0 Slovan Liberec,Bohemians 1905,Slovan Liberec,editpgeuef9yi9a8akjrl4bv8,1y21id19bjs1sw28wkzbtzjf8
2026-03-07,25.0,Teplice 0-0 Dukla Praha,Teplice,Dukla Praha,editpgeuef9yi9a8akjrl4bv8,1xbh2aufv0c7qqmaqlyk9cjdg
2026-03-01,24.0,Sigma Olomouc 1-0 Bohemians 1905,Sigma Olomouc,Bohemians 1905,editpgeuef9yi9a8akjrl4bv8,1uo3i4y38iajf9v0c1kjtyxas
2026-03-01,24.0,Zlín 3-0 Viktoria Plzeň,Zlín,Viktoria Plzeň,editpgeuef9yi9a8akjrl4bv8,1vtj3mzffvbzm9w20p955c3kk
2026-03-01,24.0,Karviná 0-2 Slovácko,Karviná,Slovácko,editpgeuef9yi9a8akjrl4bv8,1w8bgo53d34jm24jma8jdoh78
2026-02-28,24.0,Sparta Praha 5-2 Baník Ostrava,Sparta Praha,Baník Ostrava,editpgeuef9yi9a8akjrl4bv8,1vev72div367zdswluu4885jo
2026-02-28,24.0,Mladá Boleslav 3-0 Jablonec,Mladá Boleslav,Jablonec,editpgeuef9yi9a8akjrl4bv8,1wy7pw6lc71orbe6h0f2n5qtw
2026-02-28,24.0,Pardubice 1-1 Teplice,Pardubice,Teplice,editpgeuef9yi9a8akjrl4bv8,1wl60xv16x8ekq7v7j5t6veok
2026-02-28,24.0,Slovan Liberec 0-1 Hradec Králové,Slovan Liberec,Hradec Králové,editpgeuef9yi9a8akjrl4bv8,1v1jyt9v7h2vescoxew5jfmdw
2026-02-27,24.0,Dukla Praha 0-2 Slavia Praha,Dukla Praha,Slavia Praha,editpgeuef9yi9a8akjrl4bv8,1uavvlfmencmz9qzxmtdhbuvo
2026-02-22,23.0,Viktoria Plzeň 0-0 Sparta Praha,Viktoria Plzeň,Sparta Praha,editpgeuef9yi9a8akjrl4bv8,1rd1rn5aly6am3yj9q4y5s8b8
2026-02-22,23.0,Teplice 1-3 Sigma Olomouc,Teplice,Sigma Olomouc,editpgeuef9yi9a8akjrl4bv8,1t7cy4cgadf6s2qi8e8l039ck
2026-02-22,23.0,Baník Ostrava 0-0 Mladá Boleslav,Baník Ostrava,Mladá Boleslav,editpgeuef9yi9a8akjrl4bv8,1s3er0nv6mscqgbdjb50iu1p0
2026-02-22,23.0,Bohemians 1905 1-0 Dukla Praha,Bohemians 1905,Dukla Praha,editpgeuef9yi9a8akjrl4bv8,1sgo0icikje55tqm20ooq6dxw
2026-02-21,23.0,Slavia Praha 1-0 Slovan Liberec,Slavia Praha,Slovan Liberec,editpgeuef9yi9a8akjrl4bv8,1stt0c067jfg5u50526votf6c
2026-02-21,23.0,Slovácko 2-0 Pardubice,Slovácko,Pardubice,editpgeuef9yi9a8akjrl4bv8,1txixazts7f3v3inos77femtw
2026-02-21,23.0,Jablonec 1-0 Karviná,Jablonec,Karviná,editpgeuef9yi9a8akjrl4bv8,1tkj7rzkwamrruvlqkmfqohsk
2026-02-21,23.0,Hradec Králové 0-0 Zlín,Hradec Králové,Zlín,editpgeuef9yi9a8akjrl4bv8,1rq0p5zeu7oh0xxbcwg26ow0k
2026-02-15,22.0,Sparta Praha 2-0 Hradec Králové,Sparta Praha,Hradec Králové,editpgeuef9yi9a8akjrl4bv8,1p4mjth3bzxclf1mlv35uxdsk
2026-02-15,22.0,Mladá Boleslav 0-0 Teplice,Mladá Boleslav,Teplice,editpgeuef9yi9a8akjrl4bv8,1qkwtnufnxur5jlaa6x6kccgk
2026-02-15,22.0,Slovan Liberec 1-0 Baník Ostrava,Slovan Liberec,Baník Ostrava,editpgeuef9yi9a8akjrl4bv8,1phnoi2m5zehaokjj5xw4lp1w
2026-02-15,22.0,Pardubice 0-2 Jablonec,Pardubice,Jablonec,editpgeuef9yi9a8akjrl4bv8,1qy3fu4gnwncvoqk46nf66978
2026-02-14,22.0,Sigma Olomouc 1-2 Viktoria Plzeň,Sigma Olomouc,Viktoria Plzeň,editpgeuef9yi9a8akjrl4bv8,1orjn5jyrwtjn7jby88cm82s4
2026-02-14,22.0,Karviná 1-3 Slavia Praha,Karviná,Slavia Praha,editpgeuef9yi9a8akjrl4bv8,1q7vl6wk9r1ou6uhs8ihtstn8
2026-02-14,22.0,Slovácko 1-2 Bohemians 1905,Slovácko,Bohemians 1905,editpgeuef9yi9a8akjrl4bv8,1pur9qmef6n1cry67aevbj4t0
2026-02-14,22.0,Dukla Praha 0-0 Zlín,Dukla Praha,Zlín,editpgeuef9yi9a8akjrl4bv8,1oe86lqhqmhuq1qlcl8ux1h5g
2026-02-08,21.0,Viktoria Plzeň 3-1 Slovan Liberec,Viktoria Plzeň,Slovan Liberec,editpgeuef9yi9a8akjrl4bv8,1m4bhvvpmdyvqdrrgk8g73ok4
2026-02-08,21.0,Bohemians 1905 1-2 Pardubice,Bohemians 1905,Pardubice,editpgeuef9yi9a8akjrl4bv8,1nngpb4ki2b4kdmxufqm92b6c
2026-02-08,21.0,Zlín 0-3 Sparta Praha,Zlín,Sparta Praha,editpgeuef9yi9a8akjrl4bv8,1mji85ki44y50uye8yck39l3o
2026-02-08,21.0,Hradec Králové 3-0 Dukla Praha,Hradec Králové,Dukla Praha,editpgeuef9yi9a8akjrl4bv8,1le0eis0xf1hoqrl57geq6luc
2026-02-07,21.0,Slavia Praha 4-0 Mladá Boleslav,Slavia Praha,Mladá Boleslav,editpgeuef9yi9a8akjrl4bv8,1o0tzzalefydiig4ow7bqz11w
2026-02-07,21.0,Teplice 2-0 Karviná,Teplice,Karviná,editpgeuef9yi9a8akjrl4bv8,1n9rb1dlsnievp9eedve2wt90
2026-02-07,21.0,Jablonec 0-0 Slovácko,Jablonec,Slovácko,editpgeuef9yi9a8akjrl4bv8,1mwp41ruwgp79u3xwkq6ql05w
2026-02-07,21.0,Baník Ostrava 2-0 Sigma Olomouc,Baník Ostrava,Sigma Olomouc,editpgeuef9yi9a8akjrl4bv8,1lr4b6pcnswn9zqsbhb0eba50
2026-02-01,20.0,Pardubice 1-1 Slavia Praha,Pardubice,Slavia Praha,editpgeuef9yi9a8akjrl4bv8,1ko3uzwfjr2fbajol0921vbpw
2026-02-01,20.0,Karviná 0-2 Viktoria Plzeň,Karviná,Viktoria Plzeň,editpgeuef9yi9a8akjrl4bv8,1j7nbrqeefzuvryx7ticniluc
2026-02-01,20.0,Slovan Liberec 2-0 Zlín,Slovan Liberec,Zlín,editpgeuef9yi9a8akjrl4bv8,1iug6jool7349agqforuebbpw
2026-02-01,20.0,Slovácko 2-2 Baník Ostrava,Slovácko,Baník Ostrava,editpgeuef9yi9a8akjrl4bv8,1jxrw01nuvt2y28h7ielzqlg4
2026-01-31,20.0,Dukla Praha 0-3 Sparta Praha,Dukla Praha,Sparta Praha,editpgeuef9yi9a8akjrl4bv8,1ihdseraht12obrugp7a86j2s
2026-01-31,20.0,Jablonec 1-0 Teplice,Jablonec,Teplice,editpgeuef9yi9a8akjrl4bv8,1l113fys4wf8zz92d2f7yhij8
2026-01-31,20.0,Mladá Boleslav 2-2 Bohemians 1905,Mladá Boleslav,Bohemians 1905,editpgeuef9yi9a8akjrl4bv8,1kb0bddyjzunzi4601guts6qc
2026-01-31,20.0,Sigma Olomouc 1-0 Hradec Králové,Sigma Olomouc,Hradec Králové,editpgeuef9yi9a8akjrl4bv8,1jkp929jm49g1b9wjc9j2krh0
2025-12-14,19.0,Sparta Praha 2-2 Slovan Liberec,Sparta Praha,Slovan Liberec,editpgeuef9yi9a8akjrl4bv8,1g7rw00dn84x5eq7voptp436c
2025-12-14,19.0,Zlín 5-0 Sigma Olomouc,Zlín,Sigma Olomouc,editpgeuef9yi9a8akjrl4bv8,1fuo56w6ai22qrikuj47yw6c4
2025-12-14,19.0,Viktoria Plzeň 2-0 Dukla Praha,Viktoria Plzeň,Dukla Praha,editpgeuef9yi9a8akjrl4bv8,1fhfy54f2wno4e57mjcv9gidw
2025-12-14,19.0,Bohemians 1905 0-3 Karviná,Bohemians 1905,Karviná,editpgeuef9yi9a8akjrl4bv8,1hb23ogy5zmsjeto1abv9gy6s
2025-12-13,19.0,Slavia Praha 4-3 Jablonec,Slavia Praha,Jablonec,editpgeuef9yi9a8akjrl4bv8,1gkzhg9hk84ee7fmgfi8nppuc
2025-12-13,19.0,Hradec Králové 1-1 Mladá Boleslav,Hradec Králové,Mladá Boleslav,editpgeuef9yi9a8akjrl4bv8,1i4aktlj88jx66l52whu8wydw
2025-12-13,19.0,Baník Ostrava 1-4 Pardubice,Baník Ostrava,Pardubice,editpgeuef9yi9a8akjrl4bv8,1hq2ily816gz7vp1n82qaov84
2025-12-13,19.0,Teplice 1-0 Slovácko,Teplice,Slovácko,editpgeuef9yi9a8akjrl4bv8,1gxz3z3bet6d60628842qrxuc
2025-12-07,18.0,Pardubice 1-0 Hradec Králové,Pardubice,Hradec Králové,editpgeuef9yi9a8akjrl4bv8,1dzn1zyydrqg38dadr9czrrbo
2025-12-07,18.0,Karviná 0-0 Baník Ostrava,Karviná,Baník Ostrava,editpgeuef9yi9a8akjrl4bv8,1ecky6d7vjldew895pt96v578
2025-12-07,18.0,Jablonec 1-0 Bohemians 1905,Jablonec,Bohemians 1905,editpgeuef9yi9a8akjrl4bv8,1epm5ycdn9ui6zrioym190u8k
2025-12-06,18.0,Sigma Olomouc 0-1 Sparta Praha,Sigma Olomouc,Sparta Praha,editpgeuef9yi9a8akjrl4bv8,1cwlhakoqzmr8e16m9npeblzo
2025-12-06,18.0,Slovácko 3-0 Viktoria Plzeň,Slovácko,Viktoria Plzeň,editpgeuef9yi9a8akjrl4bv8,1dmos5499k3kmhm5iam86qot0
2025-12-06,18.0,Mladá Boleslav 3-1 Zlín,Mladá Boleslav,Zlín,editpgeuef9yi9a8akjrl4bv8,1d9mpanqj8stoa3ib8xg2jy8k
2025-12-06,18.0,Dukla Praha 1-1 Slovan Liberec,Dukla Praha,Slovan Liberec,editpgeuef9yi9a8akjrl4bv8,1chrh6rj7jife351huing4phw
2025-12-05,18.0,Teplice 1-2 Slavia Praha,Teplice,Slavia Praha,editpgeuef9yi9a8akjrl4bv8,1f42mtwtapvvamzj9vvblnn6c
2025-11-30,17.0,Sparta Praha 2-4 Pardubice,Sparta Praha,Pardubice,editpgeuef9yi9a8akjrl4bv8,1brsr8dc0dqld7t818rmvrdw4
2025-11-30,17.0,Viktoria Plzeň 2-1 Mladá Boleslav,Viktoria Plzeň,Mladá Boleslav,editpgeuef9yi9a8akjrl4bv8,1c4sa7e2d7kz7yxqpsf5o4yz8
2025-11-30,17.0,Slovan Liberec 1-0 Sigma Olomouc,Slovan Liberec,Sigma Olomouc,editpgeuef9yi9a8akjrl4bv8,19vdxlc2x43q9klx4m3gzazo4
2025-11-30,17.0,Bohemians 1905 0-1 Teplice,Bohemians 1905,Teplice,editpgeuef9yi9a8akjrl4bv8,1a9fo5og3moqpb3eyerljqy38
2025-11-29,17.0,Slavia Praha 3-0 Slovácko,Slavia Praha,Slovácko,editpgeuef9yi9a8akjrl4bv8,1b0tgui7i6ljd9vtdr4sfzok4
2025-11-29,17.0,Zlín 1-3 Karviná,Zlín,Karviná,editpgeuef9yi9a8akjrl4bv8,1bdw1gfkr75lxyiycpptlpj4k
2025-11-29,17.0,Hradec Králové 2-0 Jablonec,Hradec Králové,Jablonec,editpgeuef9yi9a8akjrl4bv8,1anwit47sw5e81us875kz6v4k
2025-11-29,17.0,Baník Ostrava 3-1 Dukla Praha,Baník Ostrava,Dukla Praha,editpgeuef9yi9a8akjrl4bv8,19icawy50xumrew03tt6ryyhg
2025-11-23,16.0,Slovácko 2-0 Zlín,Slovácko,Zlín,editpgeuef9yi9a8akjrl4bv8,17noy9cofd4xsjje1a0nronx0
2025-11-23,16.0,Jablonec 3-3 Viktoria Plzeň,Jablonec,Viktoria Plzeň,editpgeuef9yi9a8akjrl4bv8,182ebi69sacyhqtbx0cyrpnh0
2025-11-23,16.0,Karviná 4-3 Hradec Králové,Karviná,Hradec Králové,editpgeuef9yi9a8akjrl4bv8,18f7u5fc4gh91teqksgzmizh0
2025-11-22,16.0,Slavia Praha 3-1 Bohemians 1905,Slavia Praha,Bohemians 1905,editpgeuef9yi9a8akjrl4bv8,195c74kowe6vtqes69rr3ymms
2025-11-22,16.0,Teplice 1-0 Baník Ostrava,Teplice,Baník Ostrava,editpgeuef9yi9a8akjrl4bv8,18s68ayz3jb0mhucyq9ex474k
2025-11-22,16.0,Mladá Boleslav 1-2 Sparta Praha,Mladá Boleslav,Sparta Praha,editpgeuef9yi9a8akjrl4bv8,17apjeerllsh0bcfubhut6bro
2025-11-22,16.0,Pardubice 0-4 Slovan Liberec,Pardubice,Slovan Liberec,editpgeuef9yi9a8akjrl4bv8,16xq1ph70e76wsww65w0cl1ck
2025-11-22,16.0,Dukla Praha 2-2 Sigma Olomouc,Dukla Praha,Sigma Olomouc,editpgeuef9yi9a8akjrl4bv8,16kgnjg023t59f8frj17s6u50
2025-11-09,15.0,Viktoria Plzeň 3-5 Slavia Praha,Viktoria Plzeň,Slavia Praha,editpgeuef9yi9a8akjrl4bv8,140tfrdjkph3zicounijdu9sk
2025-11-09,15.0,Sigma Olomouc 2-0 Pardubice,Sigma Olomouc,Pardubice,editpgeuef9yi9a8akjrl4bv8,15u5ud4grfh7m2x02s1if2gb8
2025-11-09,15.0,Sparta Praha 2-2 Teplice,Sparta Praha,Teplice,editpgeuef9yi9a8akjrl4bv8,14r0c70zuufhn1xfm6aon9kb8
2025-11-09,15.0,Slovan Liberec 6-0 Karviná,Slovan Liberec,Karviná,editpgeuef9yi9a8akjrl4bv8,15h7r8vei3h9f8fbhvc762txw
2025-11-08,15.0,Baník Ostrava 0-1 Jablonec,Baník Ostrava,Jablonec,editpgeuef9yi9a8akjrl4bv8,13nmtep2rwl8qkzy5lu2edfkk
2025-11-08,15.0,Dukla Praha 0-1 Mladá Boleslav,Dukla Praha,Mladá Boleslav,editpgeuef9yi9a8akjrl4bv8,167excbdazd0fclugo4bofzmc
2025-11-08,15.0,Hradec Králové 4-0 Slovácko,Hradec Králové,Slovácko,editpgeuef9yi9a8akjrl4bv8,1544ivre8m0952gsvo42lnxg4
2025-11-08,15.0,Zlín 0-1 Bohemians 1905,Zlín,Bohemians 1905,editpgeuef9yi9a8akjrl4bv8,14dzmr7rp1xfo5x7kup8pxiqc
2025-11-02,14.0,Teplice 1-2 Viktoria Plzeň,Teplice,Viktoria Plzeň,editpgeuef9yi9a8akjrl4bv8,12i3my62muzd4i8prz807s9hw
2025-11-02,14.0,Bohemians 1905 1-2 Hradec Králové,Bohemians 1905,Hradec Králové,editpgeuef9yi9a8akjrl4bv8,12ve5qmvl6hmzas94nsn260ic
2025-11-02,14.0,Karviná 2-1 Sparta Praha,Karviná,Sparta Praha,editpgeuef9yi9a8akjrl4bv8,11rh7s6qcv2uwtfr1u15yj504
2025-11-02,14.0,Mladá Boleslav 1-4 Sigma Olomouc,Mladá Boleslav,Sigma Olomouc,editpgeuef9yi9a8akjrl4bv8,111d1tvppxy68umpizslfr8d0
2025-11-01,14.0,Slavia Praha 2-0 Baník Ostrava,Slavia Praha,Baník Ostrava,editpgeuef9yi9a8akjrl4bv8,13aguibi4jv5t7eou7haktgr8
2025-11-01,14.0,Jablonec 1-3 Zlín,Jablonec,Zlín,editpgeuef9yi9a8akjrl4bv8,124qwxlda8vcae73sze02191w
2025-11-01,14.0,Slovácko 0-3 Slovan Liberec,Slovácko,Slovan Liberec,editpgeuef9yi9a8akjrl4bv8,11edm07y66ysrqw9mpn5cmy38
2025-11-01,14.0,Pardubice 1-1 Dukla Praha,Pardubice,Dukla Praha,editpgeuef9yi9a8akjrl4bv8,10o74v28rxt5zl5t1un0nzmz8
2025-10-28,13.0,Sparta Praha 2-1 Bohemians 1905,Sparta Praha,Bohemians 1905,editpgeuef9yi9a8akjrl4bv8,yugpk9tikm7v6tbm2l2yegpg
2025-10-26,13.0,Viktoria Plzeň 2-0 Baník Ostrava,Viktoria Plzeň,Baník Ostrava,editpgeuef9yi9a8akjrl4bv8,zknku3qkbdo40i2lwmdh4qvo
2025-10-26,13.0,Sigma Olomouc 0-0 Slavia Praha,Sigma Olomouc,Slavia Praha,editpgeuef9yi9a8akjrl4bv8,xzpicvhmrs67sri2ov121bf8
2025-10-25,13.0,Slovan Liberec 0-2 Jablonec,Slovan Liberec,Jablonec,editpgeuef9yi9a8akjrl4bv8,yh36e4tbu8iz7acc0v8y8w0k
2025-10-25,13.0,Hradec Králové 0-0 Teplice,Hradec Králové,Teplice,editpgeuef9yi9a8akjrl4bv8,zxxrwyarbbbllihocp0foyz8
2025-10-25,13.0,Zlín 2-2 Pardubice,Zlín,Pardubice,editpgeuef9yi9a8akjrl4bv8,z7k2o2v50ia28yzwdu2ygu1g
2025-10-25,13.0,Dukla Praha 1-0 Slovácko,Dukla Praha,Slovácko,editpgeuef9yi9a8akjrl4bv8,xmnxf7ul6tgtpvkpfp0yqsr8
2025-10-25,13.0,Mladá Boleslav 2-4 Karviná,Mladá Boleslav,Karviná,editpgeuef9yi9a8akjrl4bv8,10b2m3p1i7vjk64xm6ctsfx90
2025-10-22,6.0,Bohemians 1905 1-1 Mladá Boleslav,Bohemians 1905,Mladá Boleslav,editpgeuef9yi9a8akjrl4bv8,eygexyg160ylvdg9e57mx7h0
2025-10-19,12.0,Jablonec 0-0 Dukla Praha,Jablonec,Dukla Praha,editpgeuef9yi9a8akjrl4bv8,w6iuohp493zavw9ssqkztyc4
2025-10-19,12.0,Slovácko 0-0 Sparta Praha,Slovácko,Sparta Praha,editpgeuef9yi9a8akjrl4bv8,wjpu6un6wpf5slobusa0fm6s
2025-10-19,12.0,Baník Ostrava 0-1 Hradec Králové,Baník Ostrava,Hradec Králové,editpgeuef9yi9a8akjrl4bv8,uqcyoscdthhg5sezquupn47o
2025-10-18,12.0,Slavia Praha 0-0 Zlín,Slavia Praha,Zlín,editpgeuef9yi9a8akjrl4bv8,vggjudotwlxl2v3r2wj6y68k
2025-10-18,12.0,Pardubice 2-1 Mladá Boleslav,Pardubice,Mladá Boleslav,editpgeuef9yi9a8akjrl4bv8,x9okmj11xbo3doux3sx781sk
2025-10-18,12.0,Karviná 1-1 Sigma Olomouc,Karviná,Sigma Olomouc,editpgeuef9yi9a8akjrl4bv8,wwqeopo32abmi1h6o5909el0
2025-10-18,12.0,Teplice 1-1 Slovan Liberec,Teplice,Slovan Liberec,editpgeuef9yi9a8akjrl4bv8,vtfzfcpwxivhoytpxcy845qs
2025-10-18,12.0,Bohemians 1905 0-1 Viktoria Plzeň,Bohemians 1905,Viktoria Plzeň,editpgeuef9yi9a8akjrl4bv8,v3f98mjtopp0bmowh31wrhn8
2025-10-05,11.0,Sparta Praha 1-1 Slavia Praha,Sparta Praha,Slavia Praha,editpgeuef9yi9a8akjrl4bv8,sveq3i26c36dcvuf2qml3aqc
2025-10-05,11.0,Viktoria Plzeň 3-3 Hradec Králové,Viktoria Plzeň,Hradec Králové,editpgeuef9yi9a8akjrl4bv8,tna2opbop9fsw9prubacrkt0
2025-10-05,11.0,Sigma Olomouc 2-0 Jablonec,Sigma Olomouc,Jablonec,editpgeuef9yi9a8akjrl4bv8,s5ewlxlw05jca3ju38j4rv2s
2025-10-05,11.0,Zlín 1-1 Baník Ostrava,Zlín,Baník Ostrava,editpgeuef9yi9a8akjrl4bv8,t8f0jwyu85cdf54p5xsghi50
2025-10-04,11.0,Slovan Liberec 0-0 Bohemians 1905,Slovan Liberec,Bohemians 1905,editpgeuef9yi9a8akjrl4bv8,sicv3jksn6wg4nltr5g95c7o
2025-10-04,11.0,Mladá Boleslav 0-0 Slovácko,Mladá Boleslav,Slovácko,editpgeuef9yi9a8akjrl4bv8,udauwtuylig9ngackyiqvz84
2025-10-04,11.0,Pardubice 2-1 Karviná,Pardubice,Karviná,editpgeuef9yi9a8akjrl4bv8,u0d63v4ojtakvnt7jaxzo844
2025-10-04,11.0,Dukla Praha 1-3 Teplice,Dukla Praha,Teplice,editpgeuef9yi9a8akjrl4bv8,rsfeadtgwn4eeeezeqj2ecr8
2025-10-01,5.0,Pardubice 0-1 Baník Ostrava,Pardubice,Baník Ostrava,editpgeuef9yi9a8akjrl4bv8,cgur42f51q0k75wejym2aln8
2025-09-28,10.0,Viktoria Plzeň 0-1 Zlín,Viktoria Plzeň,Zlín,editpgeuef9yi9a8akjrl4bv8,qcioguhlrlnwtx1khhzduplg
2025-09-28,10.0,Jablonec 2-0 Mladá Boleslav,Jablonec,Mladá Boleslav,editpgeuef9yi9a8akjrl4bv8,rfiv39smg5usz5jp1ley88b8
2025-09-28,10.0,Teplice 0-0 Pardubice,Teplice,Pardubice,editpgeuef9yi9a8akjrl4bv8,r2ilayvh68s9nxzqbqsmzztg
2025-09-27,10.0,Hradec Králové 2-3 Slovan Liberec,Hradec Králové,Slovan Liberec,editpgeuef9yi9a8akjrl4bv8,pm158qgeufdhge2egqfycv10
2025-09-27,10.0,Slovácko 1-2 Karviná,Slovácko,Karviná,editpgeuef9yi9a8akjrl4bv8,qpgbsgw7ijm92na6qwabfdp0
2025-09-27,10.0,Baník Ostrava 0-3 Sparta Praha,Baník Ostrava,Sparta Praha,editpgeuef9yi9a8akjrl4bv8,pyz68dxl3xuxixksk3axrac4
2025-09-27,10.0,Bohemians 1905 2-2 Sigma Olomouc,Bohemians 1905,Sigma Olomouc,editpgeuef9yi9a8akjrl4bv8,p91spnaku2h1aijwproraiac
2025-09-26,10.0,Slavia Praha 2-0 Dukla Praha,Slavia Praha,Dukla Praha,editpgeuef9yi9a8akjrl4bv8,ow3rzlh3tovvea8t7c6cch78
2025-09-21,9.0,Mladá Boleslav 1-1 Baník Ostrava,Mladá Boleslav,Baník Ostrava,editpgeuef9yi9a8akjrl4bv8,mnukt01rh4lkkj8rd9yrxzpw
2025-09-21,9.0,Slovan Liberec 1-1 Slavia Praha,Slovan Liberec,Slavia Praha,editpgeuef9yi9a8akjrl4bv8,ndmqfxkdv6i4v2nha4zcpd04
2025-09-21,9.0,Dukla Praha 0-2 Bohemians 1905,Dukla Praha,Bohemians 1905,editpgeuef9yi9a8akjrl4bv8,n0q1a65og261kc54rkq9n47o
2025-09-20,9.0,Sparta Praha 2-1 Viktoria Plzeň,Sparta Praha,Viktoria Plzeň,editpgeuef9yi9a8akjrl4bv8,lxnwamhogewo59qpffuxh0k4
2025-09-20,9.0,Pardubice 1-1 Slovácko,Pardubice,Slovácko,editpgeuef9yi9a8akjrl4bv8,ohafsy1brdc83u1venrmdmok
2025-09-20,9.0,Karviná 1-2 Jablonec,Karviná,Jablonec,editpgeuef9yi9a8akjrl4bv8,o3z20cd7fg8w392n3wvskg0k
2025-09-20,9.0,Sigma Olomouc 0-0 Teplice,Sigma Olomouc,Teplice,editpgeuef9yi9a8akjrl4bv8,nqr6vvdprbz9guzjezt0x0r8
2025-09-20,9.0,Zlín 1-2 Hradec Králové,Zlín,Hradec Králové,editpgeuef9yi9a8akjrl4bv8,manrj3trzwu0c64qvn3kqt5g
2025-09-17,2.0,Baník Ostrava 1-1 Teplice,Baník Ostrava,Teplice,editpgeuef9yi9a8akjrl4bv8,3tqvxmcyq83i8swmt6qx2fx0
2025-09-14,8.0,Hradec Králové 2-1 Sparta Praha,Hradec Králové,Sparta Praha,editpgeuef9yi9a8akjrl4bv8,jq41m5wiqmajtn5fvdr3tjbo
2025-09-14,8.0,Bohemians 1905 1-0 Slovácko,Bohemians 1905,Slovácko,editpgeuef9yi9a8akjrl4bv8,khp9pkr1j3rector7pyvv5sk
2025-09-14,8.0,Jablonec 3-2 Pardubice,Jablonec,Pardubice,editpgeuef9yi9a8akjrl4bv8,lkq419kc15iccij2hvfcg1zo
2025-09-13,8.0,Slavia Praha 3-1 Karviná,Slavia Praha,Karviná,editpgeuef9yi9a8akjrl4bv8,kupuij7bo1irmcu1ggoej3f8
2025-09-13,8.0,Teplice 2-3 Mladá Boleslav,Teplice,Mladá Boleslav,editpgeuef9yi9a8akjrl4bv8,l7qfwts9xa5vhwvj7phungno
2025-09-13,8.0,Baník Ostrava 0-2 Slovan Liberec,Baník Ostrava,Slovan Liberec,editpgeuef9yi9a8akjrl4bv8,k4suuv49mn21vkwa08vhow7o
2025-09-13,8.0,Viktoria Plzeň 1-0 Sigma Olomouc,Viktoria Plzeň,Sigma Olomouc,editpgeuef9yi9a8akjrl4bv8,jd0v1hnbj9ciqu7rvsmvvv2s
2025-09-13,8.0,Zlín 1-1 Dukla Praha,Zlín,Dukla Praha,editpgeuef9yi9a8akjrl4bv8,izw5y8tj9apimtv8a25q28lw
2025-08-31,7.0,Sparta Praha 3-1 Zlín,Sparta Praha,Zlín,editpgeuef9yi9a8akjrl4bv8,h5x95ral0i8g8gbbw5ce1d04
2025-08-31,7.0,Sigma Olomouc 1-0 Baník Ostrava,Sigma Olomouc,Baník Ostrava,editpgeuef9yi9a8akjrl4bv8,gfqv4ty8cjftew00bcmm3aj8
2025-08-31,7.0,Slovan Liberec 1-1 Viktoria Plzeň,Slovan Liberec,Viktoria Plzeň,editpgeuef9yi9a8akjrl4bv8,gsxejgt9fq0x5qm5apksfuvo
2025-08-30,7.0,Mladá Boleslav 1-3 Slavia Praha,Mladá Boleslav,Slavia Praha,editpgeuef9yi9a8akjrl4bv8,imm0mzaap2a7mt8gpd5zrdw4
2025-08-30,7.0,Pardubice 1-1 Bohemians 1905,Pardubice,Bohemians 1905,editpgeuef9yi9a8akjrl4bv8,i8t8kx0ynct5heqg796weql0
2025-08-30,7.0,Karviná 4-1 Teplice,Karviná,Teplice,editpgeuef9yi9a8akjrl4bv8,hvp3e5zu2cdjvjy6zw3ltclw
2025-08-30,7.0,Slovácko 0-2 Jablonec,Slovácko,Jablonec,editpgeuef9yi9a8akjrl4bv8,hiu6axer5wcgwwk0cb1olkb8
2025-08-30,7.0,Dukla Praha 1-1 Hradec Králové,Dukla Praha,Hradec Králové,editpgeuef9yi9a8akjrl4bv8,g2vhn77rtj43zddbttrvw6xg
2025-08-24,6.0,Sparta Praha 3-2 Dukla Praha,Sparta Praha,Dukla Praha,editpgeuef9yi9a8akjrl4bv8,d6br4nvixr3lhdrrq8l5mpzo
2025-08-24,6.0,Baník Ostrava 2-0 Slovácko,Baník Ostrava,Slovácko,editpgeuef9yi9a8akjrl4bv8,elrprt9o7s0lnb9qbelf5zis
2025-08-24,6.0,Hradec Králové 1-0 Sigma Olomouc,Hradec Králové,Sigma Olomouc,editpgeuef9yi9a8akjrl4bv8,e8y3wwxv2tjm7wj7w1p6rzf8
2025-08-23,6.0,Slavia Praha 3-1 Pardubice,Slavia Praha,Pardubice,editpgeuef9yi9a8akjrl4bv8,fd0sjza66u66osplpjpt7504
2025-08-23,6.0,Teplice 0-1 Jablonec,Teplice,Jablonec,editpgeuef9yi9a8akjrl4bv8,fpxng2i732xlfycoszsz0w7o
2025-08-23,6.0,Viktoria Plzeň 2-1 Karviná,Viktoria Plzeň,Karviná,editpgeuef9yi9a8akjrl4bv8,dw3f6ychdud3c31wga9mlu6s
2025-08-23,6.0,Zlín 1-0 Slovan Liberec,Zlín,Slovan Liberec,editpgeuef9yi9a8akjrl4bv8,djboh3r4nxd4klzihl98bthw
2025-08-19,3.0,Mladá Boleslav 0-5 Viktoria Plzeň,Mladá Boleslav,Viktoria Plzeň,editpgeuef9yi9a8akjrl4bv8,732c5qh0xem12f90weykbztg
2025-08-17,5.0,Slovan Liberec 0-2 Sparta Praha,Slovan Liberec,Sparta Praha,editpgeuef9yi9a8akjrl4bv8,b1g45h2al0iz5j6fnyopqeqc
2025-08-17,5.0,Karviná 1-2 Bohemians 1905,Karviná,Bohemians 1905,editpgeuef9yi9a8akjrl4bv8,c3uwqb6vx25q625pd4hmvo5w
2025-08-16,5.0,Jablonec 1-1 Slavia Praha,Jablonec,Slavia Praha,editpgeuef9yi9a8akjrl4bv8,be8qj55a0a0un0ioy1t3hwk4
2025-08-16,5.0,Mladá Boleslav 3-2 Hradec Králové,Mladá Boleslav,Hradec Králové,editpgeuef9yi9a8akjrl4bv8,cthekynzjdtsn8fdo1r9jbis
2025-08-16,5.0,Slovácko 2-1 Teplice,Slovácko,Teplice,editpgeuef9yi9a8akjrl4bv8,bqyi6ozhzyba8wpnl14rjjtg
2025-08-16,5.0,Sigma Olomouc 1-0 Zlín,Sigma Olomouc,Zlín,editpgeuef9yi9a8akjrl4bv8,aolm8oa3awrxogjcsx629a8k
2025-08-16,5.0,Dukla Praha 2-0 Viktoria Plzeň,Dukla Praha,Viktoria Plzeň,editpgeuef9yi9a8akjrl4bv8,aa30qvpshlji7fzh10la9ixg
2025-08-10,4.0,Sparta Praha 1-0 Sigma Olomouc,Sparta Praha,Sigma Olomouc,editpgeuef9yi9a8akjrl4bv8,7suil1lp5nsemtdavxcacmc4
2025-08-10,4.0,Baník Ostrava 1-2 Karviná,Baník Ostrava,Karviná,editpgeuef9yi9a8akjrl4bv8,97yu81osqzxddvki9rvwf8r8
2025-08-10,4.0,Bohemians 1905 0-1 Jablonec,Bohemians 1905,Jablonec,editpgeuef9yi9a8akjrl4bv8,9kpi73n44ye57qvbxd6k0ems
2025-08-10,4.0,Hradec Králové 1-1 Pardubice,Hradec Králové,Pardubice,editpgeuef9yi9a8akjrl4bv8,8v5l1bz2nawkliojdg8sozkk
2025-08-09,4.0,Slavia Praha 3-0 Teplice,Slavia Praha,Teplice,editpgeuef9yi9a8akjrl4bv8,9xg5overo2g0but0xoul6gic
2025-08-09,4.0,Viktoria Plzeň 1-1 Slovácko,Viktoria Plzeň,Slovácko,editpgeuef9yi9a8akjrl4bv8,8igogouv5vnccork7hlqsb9w
2025-08-09,4.0,Zlín 3-2 Mladá Boleslav,Zlín,Mladá Boleslav,editpgeuef9yi9a8akjrl4bv8,85mmxn6gmj2dgv0ho6v24lxw
2025-08-09,4.0,Slovan Liberec 2-0 Dukla Praha,Slovan Liberec,Dukla Praha,editpgeuef9yi9a8akjrl4bv8,7fwrz02ry1fww8yq4fqchqtw
2025-08-03,3.0,Pardubice 1-3 Sparta Praha,Pardubice,Sparta Praha,editpgeuef9yi9a8akjrl4bv8,6q6dftbxedb0vqhqxybeonbo
2025-08-03,3.0,Dukla Praha 1-1 Baník Ostrava,Dukla Praha,Baník Ostrava,editpgeuef9yi9a8akjrl4bv8,4jvmo7oqk5lo09elhhix79qs
2025-08-03,3.0,Slovácko 0-1 Slavia Praha,Slovácko,Slavia Praha,editpgeuef9yi9a8akjrl4bv8,60mxaezije4d80s58ob7yvbo
2025-08-02,3.0,Sigma Olomouc 2-1 Slovan Liberec,Sigma Olomouc,Slovan Liberec,editpgeuef9yi9a8akjrl4bv8,4widttp6wwapwd6e20tudt04
2025-08-02,3.0,Karviná 0-1 Zlín,Karviná,Zlín,editpgeuef9yi9a8akjrl4bv8,6dcver4d6yq9xbry0lrljlsk
2025-08-02,3.0,Jablonec 2-0 Hradec Králové,Jablonec,Hradec Králové,editpgeuef9yi9a8akjrl4bv8,5m4i135awgk8fcis16k9dlas
2025-08-02,3.0,Teplice 3-0 Bohemians 1905,Teplice,Bohemians 1905,editpgeuef9yi9a8akjrl4bv8,599w2rpw33ebxtp5lsf4osgk
2025-07-27,2.0,Sparta Praha 3-2 Mladá Boleslav,Sparta Praha,Mladá Boleslav,editpgeuef9yi9a8akjrl4bv8,2e5txw1cvoxz4a8i6b2pkhec
2025-07-27,2.0,Slovan Liberec 2-1 Pardubice,Slovan Liberec,Pardubice,editpgeuef9yi9a8akjrl4bv8,21h9pwqsiyuzpbxbfv9pdhck
2025-07-26,2.0,Bohemians 1905 0-2 Slavia Praha,Bohemians 1905,Slavia Praha,editpgeuef9yi9a8akjrl4bv8,46hugwduyro9te8aonv9w1sk
2025-07-26,2.0,Hradec Králové 1-2 Karviná,Hradec Králové,Karviná,editpgeuef9yi9a8akjrl4bv8,3gpn6ngtd2pvgo0ilq11ylg4
2025-07-26,2.0,Viktoria Plzeň 1-1 Jablonec,Viktoria Plzeň,Jablonec,editpgeuef9yi9a8akjrl4bv8,33p2p04g63ixdrntmfec6rro
2025-07-26,2.0,Zlín 1-1 Slovácko,Zlín,Slovácko,editpgeuef9yi9a8akjrl4bv8,2qylklqzx8g9cfcde0ejodn8
2025-07-26,2.0,Sigma Olomouc 0-0 Dukla Praha,Sigma Olomouc,Dukla Praha,editpgeuef9yi9a8akjrl4bv8,1omtavnbgtqc0ef317pfndas
2025-07-20,1.0,Slavia Praha 2-2 Hradec Králové,Slavia Praha,Hradec Králové,editpgeuef9yi9a8akjrl4bv8,f4an6vse6gqwnflrt29hflm38
2025-07-20,1.0,Mladá Boleslav 3-3 Slovan Liberec,Mladá Boleslav,Slovan Liberec,editpgeuef9yi9a8akjrl4bv8,1bv9ppnl2cfsgufoqr110g0k
2025-07-20,1.0,Slovácko 0-1 Sigma Olomouc,Slovácko,Sigma Olomouc,editpgeuef9yi9a8akjrl4bv8,f5l2fpcwmtnurduv65gx2to9g
2025-07-19,1.0,Jablonec 1-1 Sparta Praha,Jablonec,Sparta Praha,editpgeuef9yi9a8akjrl4bv8,f55gs8q2674b42phg19n54bv8
2025-07-19,1.0,Teplice 1-3 Zlín,Teplice,Zlín,editpgeuef9yi9a8akjrl4bv8,f4q04lprs8a956p5g232ywwes
2025-07-19,1.0,Bohemians 1905 1-0 Baník Ostrava,Bohemians 1905,Baník Ostrava,editpgeuef9yi9a8akjrl4bv8,f3rgyaum9q715x2is3aud007o
2025-07-19,1.0,Karviná 2-0 Dukla Praha,Karviná,Dukla Praha,editpgeuef9yi9a8akjrl4bv8,em9omsuall4vuw5wfncetqs
2025-07-18,1.0,Pardubice 1-5 Viktoria Plzeň,Pardubice,Viktoria Plzeň,editpgeuef9yi9a8akjrl4bv8,utrtzwpay1rgqfvy6c6ka38
